CREATE DATABASE  IF NOT EXISTS `burnout_poll` /*!40100 DEFAULT CHARACTER SET latin1 */;
USE `burnout_poll`;
-- MySQL dump 10.13  Distrib 5.6.13, for Win32 (x86)
--
-- Host: localhost    Database: burnout_poll
-- ------------------------------------------------------
-- Server version	5.6.16

/*!40101 SET @OLD_CHARACTER_SET_CLIENT=@@CHARACTER_SET_CLIENT */;
/*!40101 SET @OLD_CHARACTER_SET_RESULTS=@@CHARACTER_SET_RESULTS */;
/*!40101 SET @OLD_COLLATION_CONNECTION=@@COLLATION_CONNECTION */;
/*!40101 SET NAMES utf8 */;
/*!40103 SET @OLD_TIME_ZONE=@@TIME_ZONE */;
/*!40103 SET TIME_ZONE='+00:00' */;
/*!40014 SET @OLD_UNIQUE_CHECKS=@@UNIQUE_CHECKS, UNIQUE_CHECKS=0 */;
/*!40014 SET @OLD_FOREIGN_KEY_CHECKS=@@FOREIGN_KEY_CHECKS, FOREIGN_KEY_CHECKS=0 */;
/*!40101 SET @OLD_SQL_MODE=@@SQL_MODE, SQL_MODE='NO_AUTO_VALUE_ON_ZERO' */;
/*!40111 SET @OLD_SQL_NOTES=@@SQL_NOTES, SQL_NOTES=0 */;

--
-- Table structure for table `answers`
--

DROP TABLE IF EXISTS `answers`;
/*!40101 SET @saved_cs_client     = @@character_set_client */;
/*!40101 SET character_set_client = utf8 */;
CREATE TABLE `answers` (
  `answer_ID` int(11) NOT NULL AUTO_INCREMENT,
  `answer` text NOT NULL,
  PRIMARY KEY (`answer_ID`),
  UNIQUE KEY `answer_ID_UNIQUE` (`answer_ID`)
) ENGINE=MyISAM AUTO_INCREMENT=6 DEFAULT CHARSET=utf8;
/*!40101 SET character_set_client = @saved_cs_client */;

--
-- Dumping data for table `answers`
--

LOCK TABLES `answers` WRITE;
/*!40000 ALTER TABLE `answers` DISABLE KEYS */;
INSERT INTO `answers` VALUES (1,'Определено грешно'),(2,'Обикновено грешно'),(3,'Нито вярно нито грешно'),(4,'Обикновено вярно'),(5,'Определено вярно');
/*!40000 ALTER TABLE `answers` ENABLE KEYS */;
UNLOCK TABLES;

--
-- Table structure for table `demographic`
--

DROP TABLE IF EXISTS `demographic`;
/*!40101 SET @saved_cs_client     = @@character_set_client */;
/*!40101 SET character_set_client = utf8 */;
CREATE TABLE `demographic` (
  `demographicID` int(11) NOT NULL AUTO_INCREMENT,
  `demographic_question` text NOT NULL,
  PRIMARY KEY (`demographicID`),
  UNIQUE KEY `demographicID_UNIQUE` (`demographicID`)
) ENGINE=InnoDB AUTO_INCREMENT=13 DEFAULT CHARSET=utf8;
/*!40101 SET character_set_client = @saved_cs_client */;

--
-- Dumping data for table `demographic`
--

LOCK TABLES `demographic` WRITE;
/*!40000 ALTER TABLE `demographic` DISABLE KEYS */;
INSERT INTO `demographic` VALUES (1,'Пол'),(2,'На колко години сте?'),(3,'От колко човека се състои вашето домакинство, включително с вас?'),(4,'Какъв е съставът на вашето домакинство?'),(5,'Каква е най-високата степен на образование, която сте завършили?'),(6,'В какъв тип населено място живеете?'),(7,'Достатъчен ли е доходът на вашето домакинство, за да покривате своите нужди и да спестявате?'),(8,'Какво е вашето занятие?'),(9,'В коя от следните категории попада Вашият личен месечен доход?'),(10,'В коя от следните категории попада Вашата длъжност?'),(11,'От колко време работите на тази длъжност?'),(12,'Кой ви насочи към тази анкета(име, фамилия)?');
/*!40000 ALTER TABLE `demographic` ENABLE KEYS */;
UNLOCK TABLES;

--
-- Table structure for table `participants`
--

DROP TABLE IF EXISTS `participants`;
/*!40101 SET @saved_cs_client     = @@character_set_client */;
/*!40101 SET character_set_client = utf8 */;
CREATE TABLE `participants` (
  `participant_ID` int(11) NOT NULL AUTO_INCREMENT,
  `gender` tinyint(4) NOT NULL,
  `age` tinyint(4) NOT NULL,
  `housekeep` tinyint(4) NOT NULL,
  `housekeep_count` tinyint(4) NOT NULL,
  `education` tinyint(4) NOT NULL,
  `location` tinyint(4) NOT NULL,
  `income` tinyint(4) NOT NULL,
  `occupation_type` tinyint(4) NOT NULL,
  `income_scale` tinyint(4) NOT NULL,
  `occupation` tinyint(4) NOT NULL,
  `duration` tinyint(4) NOT NULL,
  `reference` text NOT NULL,
  PRIMARY KEY (`participant_ID`),
  UNIQUE KEY `participant_ID_UNIQUE` (`participant_ID`)
) ENGINE=InnoDB AUTO_INCREMENT=4 DEFAULT CHARSET=utf8;
/*!40101 SET character_set_client = @saved_cs_client */;

--
-- Dumping data for table `participants`
--

LOCK TABLES `participants` WRITE;
/*!40000 ALTER TABLE `participants` DISABLE KEYS */;
INSERT INTO `participants` VALUES (1,1,26,6,9,10,4,5,6,5,6,3,''),(2,1,26,6,9,10,4,5,6,5,6,3,'Иван Желев'),(3,1,21,4,8,7,2,3,5,5,6,2,'Наско Маринов');
/*!40000 ALTER TABLE `participants` ENABLE KEYS */;
UNLOCK TABLES;

--
-- Table structure for table `participants_answers_questions`
--

DROP TABLE IF EXISTS `participants_answers_questions`;
/*!40101 SET @saved_cs_client     = @@character_set_client */;
/*!40101 SET character_set_client = utf8 */;
CREATE TABLE `participants_answers_questions` (
  `participant_ID` int(11) NOT NULL,
  `question_ID` int(11) NOT NULL,
  `answer_ID` int(11) NOT NULL,
  KEY `participant_ID` (`participant_ID`),
  KEY `question_ID` (`question_ID`),
  KEY `answer_ID` (`answer_ID`)
) ENGINE=InnoDB DEFAULT CHARSET=utf8;
/*!40101 SET character_set_client = @saved_cs_client */;

--
-- Dumping data for table `participants_answers_questions`
--

LOCK TABLES `participants_answers_questions` WRITE;
/*!40000 ALTER TABLE `participants_answers_questions` DISABLE KEYS */;
INSERT INTO `participants_answers_questions` VALUES (1,52,5),(2,125,5);
/*!40000 ALTER TABLE `participants_answers_questions` ENABLE KEYS */;
UNLOCK TABLES;

--
-- Table structure for table `questions`
--

DROP TABLE IF EXISTS `questions`;
/*!40101 SET @saved_cs_client     = @@character_set_client */;
/*!40101 SET character_set_client = utf8 */;
CREATE TABLE `questions` (
  `question_ID` int(11) NOT NULL AUTO_INCREMENT,
  `question` text NOT NULL,
  PRIMARY KEY (`question_ID`),
  UNIQUE KEY `qID_UNIQUE` (`question_ID`)
) ENGINE=MyISAM AUTO_INCREMENT=283 DEFAULT CHARSET=utf8;
/*!40101 SET character_set_client = @saved_cs_client */;

--
-- Dumping data for table `questions`
--

LOCK TABLES `questions` WRITE;
/*!40000 ALTER TABLE `questions` DISABLE KEYS */;
INSERT INTO `questions` VALUES (1,'Често опитвам нови неща просто за удоволствие или заради тръпката, независимо, че според повечето хора това е загуба на време.'),(2,'Обикновено съм убеден/а, че всичко ще мине добре, дори в ситуации, в които повечето хора се тревожат.'),(3,'Често чувствам, че съм жертва на обстоятелствата.'),(4,'Обикновено мога да приема останалите такива каквито са, дори когато са много различни от мен.'),(5,'Предпочитам предизвикателството пред лесната работа.'),(6,'Често чувствам, че живота ми има малко цели или смисъл.'),(7,'Харесва ми да помагам за намиране на такива решения на проблемите, че всеки да има полза.'),(8,'Обикновено съм нетърпелив/а да се захвана за всяка работа, която имам да свърша.'),(9,'Често се чувствам напрегнат/а и притеснен/а в непознати ситуации, дори когато останалите смятат, че няма причина за притеснение.'),(10,'Често правя нещата в зависимост от това как се чувствам в момента, без да мисля за това как са били правени в миналото.'),(11,'Обикновено правя нещата по собствен начин, вместо да се поддавам на желанията на другите.'),(12,'Често изпитвам силно чувство на единение с всичко, което ме заобикаля.'),(13,'Бих направил/а почти всичко в рамките на закона, за да стана богат/а и известен/на, дори ако загубя доверието на много от старите си приятели.'),(14,'Аз съм много по-сдържан/а и се контролирам повече от много други хора.'),(15,'Обичам да говоря за преживяванията си и чувствата си открито с приятели, вместо да ги пазя за себе си.'),(16,'Имам по-малко енергия и се изморявам по-бързо от повечето хора.'),(17,'Рядко се чувствам свободен/дна да избирам какво искам да правя.'),(18,'Май не разбирам много добре повечето от хората.'),(19,'Често отбягвам срещите с непознати, защото ми липсва самочувствие с хора, които не познавам.'),(20,'Обичам да доставям удоволствие на другите доколкото мога.'),(21,'Често ми се иска да съм по-умен/умна от всички останали.'),(22,'Няма работа, която да е твърде трудна за мен и да не правя всичко, което е по силите ми.'),(23,'Често чакам някой друг да намери решение на моите проблеми.'),(24,'Често харча пари, докато не остана без никакви или не изпадна в дългове от много кредити.'),(25,'Често, докато си почивам, имам неочаквани мигове на прозрение или разбиране.'),(26,'Не ме интересува особено много дали останалите харесват мен или начина, по който постъпвам.'),(27,'Обикновено се старая да получа това, което аз искам, тъй като така или иначе не е възможно всички да са доволни.'),(28,'Не съм търпелив/а към хора, които не приемат моята гледна точка.'),(29,'Понякога се чувствам толкова свързан с природата, че всичко изглежда като част от един общ жизнен процес.'),(30,'Когато трябва да срещна група от непознати, аз съм по-срамежлив от повечето хора.'),(31,'По-сантиментален съм от повечето хора.'),(32,'Мисля, че повечето неща, които се приемат за чудо, са просто случайност.'),(33,'Когато някой ме нарани по някакъв начин, се опитвам да си го върна.'),(34,'Моите действия се предопределят до голяма степен от влияния извън моя контрол.'),(35,'Всеки ден се опитвам да направя още една крачка към целта си.'),(36,'Моля маркирайте четвъртата стойност, това е контролен въпрос.'),(37,'Аз съм много амбициозен човек.'),(38,'Обикновено оставам спокоен/спокойна и невредим в ситуации, които останалите считат за опасни за здравето.'),(39,'Не мисля, че е разумно да се помага на слаби хора, които не могат да си помогнат сами.'),(40,'Не мога да бъда спокоен/спокойна, ако се отнасям с останалите несправедливо, дори и ако те са несправедливи спрямо мен.'),(41,'Хората обикновено споделят с мен как се чувстват.'),(42,'Понякога съм имал/а чувството, че съм част от нещо без ограничения или предел във времето и пространството.'),(43,'Понякога усещам духовна връзка с другите хора, която не мога да обясня с думи.'),(44,'Харесва ми, когато хората могат да правят каквото искат без строги правила или закони.'),(45,'Когато се проваля в нещо, се чувствам още по-мотивиран/а да се справя по-добре.'),(46,'Обикновено се притеснявам повече от другите хора, че нещо лошо може да се случи в бъдеще.'),(47,'Обикновено обмислям нещата в детайли преди да взема някакво решение.'),(48,'Имам много лоши навици, с които ми се иска да се разделя.'),(49,'Другите хора твърде много ме контролират.'),(50,'Обичам да съм в услуга на другите хора.'),(51,'Обикновено мога да накарам хората да ми повярват, дори когато знам, че преувеличавам или не казвам истината.'),(52,'Понякога чувствам, че животът ми се управлява от по-висша сила, по-мощна от което и да е човешко същество.'),(53,'Имам репутацията на практичен човек, който не се поддава на чувствата си.'),(54,'Лесно се трогвам от емоционални молби (например когато ме помолят да помогна на дете инвалид).'),(55,'Обикновено съм толкова твърдо решен да свърша дадена работа, че продължавам да работя дълго след като другите са се отказали.'),(56,'Имал съм моменти на голяма радост, когато ме изпълва внезапно ясно и дълбоко чувство на единение, с всичко което съществува.'),(57,'Знам какво искам да правя с живота си.'),(58,'Често не мога да се справя с проблемите си, защото просто не знам какво да направя.'),(59,'Предпочитам да харча пари, а не да спестявам.'),(60,'Често ме наричат \"работна пчеличка\" заради големия ми ентусиазъм да работя усърдно.'),(61,'Ако ме поставят в неудобно положение или ме унижат, лесно го преодолявам.'),(62,'Обичам да си поставям по-високи и по-благородни цели.'),(63,'Обикновено трябва да има много добри практични основания преди да реша да променя начина, по който върша нещо.'),(64,'Почти винаги оставам спокоен и безгрижен, дори когато всички около мен са уплашени.'),(65,'Намирам тъжните песни и филми за доста скучни.'),(66,'Обстоятелствата често ме принуждават да правя неща против волята си.'),(67,'Обикновено ми доставя удоволствие да се държа лошо с хора, които са се държали лошо с мен.'),(68,'Често толкова се увличам от това което правя, че губя представа за времето - сякаш се откъсвам от реалността.'),(69,'Не мисля, че имам определeна цел в живота.'),(70,'Непознатите ситуации често ме карат да се чувствам напрегнат и притеснен, дори когато хората около мен не чувстват нищо обезпокояващо.'),(71,'Често следвам инстинкта, предчувствието или интуицията си, без да обмислям всички подробности.'),(72,'Обичам да съм блестящ/а във всичко, което правя.'),(73,'Често се чувствам дълбоко духовно и емоционално свързан/а с хората около мен.'),(74,'Обикновено се опитвам да се поставя на мястото на другите, за да мога наистина да ги разбера.'),(75,'Принципи като честност и справедливост нямат почти никакво значение в някои области на живота ми.'),(76,'По-трудолюбив съм в сравнение с повечето хора.'),(77,'Дори когато повечето хора смятат, че не е необходимо, аз често настоявам нещата да се направят стриктно и подредено.'),(78,'Чувствам се уверен и сигурен в себе си в повечeто ситуации, когато общувам с хора.'),(79,'Приятелите ми трудно преценяват как се чувствам, защото рядко споделям с тях личните си възгледи и мисли.'),(80,'Умея да споделям с другите как се чувствам.'),(81,'Аз съм по-енергичен и по-бавно се изморявам в сравнение с повечето хора.'),(82,'Обикновено спирам това, което правя, защото започвам да се притеснявам, дори когато приятелите ми казват, че всичко ще бъде наред.'),(83,'Често ми се иска да съм по-влиятелен от останалите хора.'),(84,'Разпределението между хората в един екип рядко е справедливо.'),(85,'Не си давам труд, да угаждам на други хора.'),(86,'Изобщо не съм срамежлив пред непознати хора.'),(87,'Прекарвам по-голяма част от времето си да правя неща, които изглеждат необходими, но всъщност не са важни за мен.'),(88,'Не мисля, че религиозно или етични въпроси, за товa кое е добро и кое е лошо, трябва да имат някакво влияние в бизнес решенията.'),(89,'Често се опитвам да оставя настрана своите собствени убеждения, за да мога да разбера по-добре какво им е на хората около мен.'),(90,'Много от навиците ми пречат да постигна значими неща.'),(91,'Действително съм жертвал лични неща, за да направя света по-добро място - например опитвал съм да предотвратя война, бедност и несправедливост.'),(92,'Отнема ми доста време преди да започна да харесвам хората.'),(93,'Прави ми удоволствие да гледам как враговете ми страдат.'),(94,'Независимо колко трудна е дадена работа, обичам да се захващам бързо с нея.'),(95,'На хората често им се струва че съм \"отнесен\", тъй като не забелязвам какво се случва около мен.'),(96,'Обикновено предпочитам да остана хладен и отделен от другите хора.'),(97,'По-често плача на тъжен филм в сравнение с повечето хора.'),(98,'Възстановявам се по-бързо от настинка или стрес в сравнение с повечето хора.'),(99,'Често се чувствам като част от духовната сила, от която зависи целият живот.'),(100,'Нужни са ми повече упражнения, за да развия полезни навици, преди да съм сигурен в себе си в много изкушаващи ситуации.'),(101,'Моля маркирайте \"определено грешно\", това е контролен въпрос.'),(102,'Обичам да взимам бързо решения, така че да мога да се захвана с това, което трябва да се свърши.'),(103,'Обикновено съм сигурен, че лесно мога да правя неща, които повечето хора биха определили като опасни (например да карам бързо по мокър или заледен път).'),(104,'Обичам да експериментирам нови начини да се правят нещата.'),(105,'Повече ми харесва да спестявам, отколкото да харча парите си по забавления и развлечения.'),(106,'Имал съм лични преживявания, когато съм усещал досег с божествена и удивителна духовна сила.'),(107,'Имам толкова много недостатъци, че не се харесвам особено много.'),(108,'Повечето хора са по-находчиви от мен.'),(109,'Често нарушавам правила и закони, ако мисля, че ще ми се размине безнаказано.'),(110,'Дори когато съм с приятели, предпочитам да не се разкривам много.'),(111,'Колкото по-трудна е работата, толкова повече ми харесва.'),(112,'Често, когато погледна към нещо обикновено, се случва нещо удивително - имам чувството, че го виждам за пръв път.'),(113,'Често се чувствам напрегнат и притеснен, когато трябва да върша нещо ново и непознато.'),(114,'Нетърпелив съм да започна работа по всяка възложена ми задача.'),(115,'Волята ми е твърде слаба, за да устоя на твърде силни изкушения, дори да знам, че ще страдам от последствията.'),(116,'Ако съм разстроен, обикновено се чувствам по-добре заобиколен от приятели, отколкото сам.'),(117,'Обикновено постигам повече, отколкото хората очакват от мен.'),(118,'Религията ми помогна да разбера истинската цел в живота си.'),(119,'Обикновено се старая и правя по-големи усилия от повечето хора, защото искам да покажа най-доброто на което съм способен.'),(120,'Моля маркирайте \"Определено вярно\", това е контролен въпрос.'),(121,'Обикновено се чувствам много по-уверен и енергичен от повечето хора, дори след леки заболявания и стрес.'),(122,'Когато нищо ново не се случва, обикновено започвам да търся нещо вълнуващо или възбуждащо.'),(123,'Предпочитам дълго време да обмислям нещата, преди да взема решение.'),(124,'Хората, които работят с мен трябва да се научат да правят нещата по моя начин.'),(125,'Установявам близки лични отношения с повечето хора.'),(126,'Често ме описват като свръх успешен.'),(127,'По-скоро бих предпочел да чета книги, отколкото да обсъждам чувствата си с други хора.'),(128,'Наслаждавам се да отмъщавам на хората, които са ме наранили.'),(129,'Ако нещо не се получава по начина, по който очаквам, по-скоро съм склонен да се откажа, отколкото да продължавам дълго.'),(130,'За другите е лесно да се сближат с мен емоционално.'),(131,'По-скоро бих останал спокоен и дружелюбен при среща с група непознати, дори да са ми казали, че те не са приятелски настроени.'),(132,'Моля, маркирайте втория отговор, това е контролен въпрос.'),(133,'По принцип не харесвам хора, които имат различни от моите разбирания.'),(134,'Често протакам, преди да започна някой проект.'),(135,'Обикновено ми се отдава да преувелича истината, за да разкажа някоя история по-забавно или за да изиграя шега на някого.'),(136,'Изключително ми е трудно да се нагодя към промени в обичайния си начин на вършене на нещата, защото силно се напрягам, уморявам или притеснявам.'),(137,'Аз съм по-голям перфекционист от повечето хора.'),(138,'Другите обикновено мислят, че съм твърде независим, защото не правя това, което те искат.'),(139,'Успявам да спестя пари по-добре от повечето хора.'),(140,'Често се отказвам от дадена работа, ако отнема много повече време от това, което съм очаквал.'),(141,'Дали нещо е правилно или грешно е въпрос на гледна точка.'),(142,'Често научавам много неща от другите.'),(143,'Вярвам, че целият ни живот зависи от някаква духовна сила, която не може да бъде напълно обяснена.'),(144,'Ако не съм много внимателен, нещата при мен често се объркват.'),(145,'В сравнение с другите хора ми е нужно повече време да се ентусиазирам от нови идеи или дейности.'),(146,'Вероятно бих могъл да постигна повече от сега, но не виждам смисъл да се напрягам повече от колкото е необходимо, за да се справя горе-долу.'),(147,'Обикновено избягвам ситуации, в които трябва да общувам с непознати, дори да ме уверяват, че те ще са добронамерени.'),(148,'Често се чувствам толкова свързан с хората около мен, сякаш нищо не ни разделя.'),(149,'В повечето случаи естествените ми реакции се основават на добрите навици, които съм си изградил.'),(150,'Често се налага да спра с това което правя, защото започвам да се тревожа дали няма да се обърка.'),(151,'Често ме наричат \"разсеян\", защото дотолкова се задълбочавам в това, което правя, че губя представа за всичко останало.'),(152,'Често се интересувам от чувствата на другите толкова, колкото и от своите.'),(153,'Често съм описван като неуспяващ.'),(154,'В повечето случаи бих предпочел да се заем с нещо малко рисковано (като да карам автомобил по стръмни хълмове и остри завои), пред това да си стоя тихо и да бездействам няколко часа.'),(155,'Някои хора смятат, че съм прекалено стиснат или свидлив по отношение на парите си.'),(156,'Предпочитам старите \"изпитани и доказани\" начини за вършене на нещата, отколкото да опитвам \"нови и усъвършенствани\" решения.'),(157,'Често правя неща за да подпомогна опазването на животни и растения от изчезване.'),(158,'Често се напрягам до степен на изнемога или се опитвам да свърша много повече, отколкото мога.'),(159,'Не ми се отдава много да се измъквам от проблемите с обяснения, когато ме хванат да върша нещо нередно.'),(160,'Дългата практика ми е създала добри навици, коти са по-силни от моментните импулси или подтици.'),(161,'Мисля, че ще имам много добър късмет в бъдеще.'),(162,'Бързо се разкривам пред други хора, дори да не ги познавам добре.'),(163,'Когато не успя да се справя с нещо от началото, за мен става лично предизвикателство да успея.'),(164,'Не е нужно да си нечестен, за да успееш в бизнеса.'),(165,'В разговорите съм много по-добър като слушател, отколкото като говорещ.'),(166,'Не бих бил щастлив на работа, където да не общувам с други хора.'),(167,'Отношението ми се определя до голяма степен от външни влияние извън моя контрол.'),(168,'Често ми се иска да съм по-силен от всеки друг.'),(169,'Често имам нужда да подремна или от допълнителни почивки, защото се уморявам твърде лесно.'),(170,'Трудно ми е да излъжа, дори когато това е за да пощадя чувствата на някой друг.'),(171,'Независимо от временните проблеми, с които трябва да се преборя, винаги смятам, че нещата ще свършат добре.'),(172,'Трудно ми е да изпитам удоволствие, като харча пари за себе си, дори ако съм спестил много.'),(173,'Често работя най-добре при трудни обстоятелства.'),(174,'Предпочитам да запазвам проблемите си за себе си.'),(175,'Имам живо въображение.'),(176,'Предпочитам да си седя вкъщи пред това да пътувам или изследвам нови места.'),(177,'Добрите приятелства с други хора са много важни за мен.'),(178,'Често ми се иска да можех да остана млад завинаги.'),(179,'Обичам да прочитам всичко когато трябва да подписвам някакви документи.'),(180,'Мисля, че ще остана самоуверен и спокоен когато се срещам с непознати, дори преди това да са ми казали, че те са ми ядосани.'),(181,'Според мен е по-важно да проявяваш разбиране и съчувствие към другите, отколкото да си практичен и решителен.'),(182,'Често мечтая да имам супер сили като Супермен.'),(183,'Обичам да споделям това което съм научил с други хора.'),(184,'Обикновено гледам на трудните ситуации като предизвикателство или възможност.'),(185,'Повечето хора, които познавам, мислят само за себе си, без значение, кой друг ще пострада.'),(186,'Имам нужда от много повече почивка, подкрепа и успокоение за да се възстановя от леки болести или стрес.'),(187,'Знам, че има принципи в живота, които никой не може да нарушава без, в края на краищата, да пострада.'),(188,'Не искам да съм по-богат от другите.'),(189,'Обичам да не прибързвам, когато започвам да правя нещо, дори да е много лесно.'),(190,'С радост бих рискувал живота си, за да направя света по-добро място.'),(191,'Ако не обръщат внимание на работата ми, съм още по-решен да успея.'),(192,'Често ми се иска да можех да спра времето.'),(193,'Мразя да вземам решения по първите си впечатления.'),(194,'Предпочитам да съм сам, отколкото да се занимавам с чуждите проблеми.'),(195,'Не искам да ми се възхищават повече отколкото на всеки друг.'),(196,'Нуждая се от много чужда помощ, за да бъда обучен на добри навици.'),(197,'Обичам да си свършвам работата бързо и после да предлагам помощта си да свърша още нещо.'),(198,'Трудно ми е да проявявам търпимост към хора, които са различни от мен.'),(199,'По-скоро бих се отнесъл с добро отколкото да си отмъщавам, когато някой ме нарани.'),(200,'Наистина се радвам, когато съм постоянно зает.'),(201,'Опитвам се да се сработвам с другите доколкото е възможно.'),(202,'Често успявам благодарение на амбицията си и на това, че работя здраво.'),(203,'Обикновено ми е лесно да харесам хора с различни ценности от моите.'),(204,'Добрите навици са се превърнали във втора природа за мен - действам автоматично и спонтанно почти винаги.'),(205,'Мразя да променям начина, по който върша нещата, дори и ако много хора ми казват, че има нов и по-добър начин да ги правя.'),(206,'Мисля, че е неразумно да се вярва в неща, които не мога да се обяснят научно.'),(207,'Готов съм да жертвам много, за да постигна успех.'),(208,'Обичам да си представям как враговете ми страдат.'),(209,'Маркирайте третия вариант, това е контролен въпрос.'),(210,'Обичам да обръщам специално внимание на подробностите във всичко, което правя.'),(211,'Обикновено имам свободата да избирам какво да направя.'),(212,'Често съм толкова погълнат от работата си, че за момент забравям къде се намирам.'),(213,'Искам другите хора да знаят, че наистина ме е грижа за тях.'),(214,'През повечето време бих предпочел да правя рисковани неща (като делтапланеризъм и скокове с парашут), пред това да стоя кротко и да бездействам няколко часа.'),(215,'Тъй като много често изхарчвам прекалено много пари за импулсивни покупки, за мен е трудно да спестя пари, дори и за специални планове като например ваканция.'),(216,'Често отстъпвам пред желанията на приятелите ми.'),(217,'Никога не се притеснявам, че ужасни неща, биха могли да се случат в бъдеще.'),(218,'Хората не се притесняват да идват при мен за помощ, съчувствие и приятелско разбиране.'),(219,'В повечето случаи бързо прощавам на всеки, който сгреши спрямо мен.'),(220,'Мисля, че начина по който реагирам спонтанно сега е в съответствие с принципите и дългосрочните ми цели.'),(221,'Предпочитам да изчакам някой друг да поеме инициативата, за да свърши работата.'),(222,'Забавно ми е да си купувам неща за себе си.'),(223,'Имал съм преживявания, през които ми стана толкова ясно каква е моята роля в живота, че се почувствах много развълнуван и щастлив.'),(224,'Обикновено уважавам мненията на другите.'),(225,'Поведението ми се ръководи най-вече от целите, които съм си поставил в живота.'),(226,'Обикновено е глупаво да се подпомага успеха на другите хора.'),(227,'Често ми се иска да живея вечно.'),(228,'Когато някой ми посочи къде съм сгрешил, работя още по-упорито, за да поправя грешките си.'),(229,'Няма да се откажа от това което правя само заради дълга поредица от неочаквани провали.'),(230,'Обикновено имам късмет във всичко, което се опитвам да направя.'),(231,'Иска ми се да изглеждах по-добре от другите.'),(232,'Разказите за мистериозни преживявания са най-вероятно неща, които хората биха искали да им се случат.'),(233,'Правата на личността са по-важни от нуждите на която и да е група.'),(234,'Нечестността води до проблеми само, ако те хванат.'),(235,'Добрите навици ми помагат да правя нещата по начина, по който аз искам.'),(236,'Моите проблеми често са заради други хора и обстоятелства.'),(237,'Обикновено успявам да съм непрекъснато в движение целия ден, без да се напрягам.'),(238,'Искам да съм най-добрият във всичко, което правя.'),(239,'Почти винаги обмислям всички факти в подробности преди да взема решение, дори другите хора да настояват за бързо решение.'),(240,'Веднага заявявам готовност да се заема, ако има да се върши нещо.');
/*!40000 ALTER TABLE `questions` ENABLE KEYS */;
UNLOCK TABLES;

--
-- Table structure for table `second_answers`
--

DROP TABLE IF EXISTS `second_answers`;
/*!40101 SET @saved_cs_client     = @@character_set_client */;
/*!40101 SET character_set_client = utf8 */;
CREATE TABLE `second_answers` (
  `answer_ID` int(11) NOT NULL AUTO_INCREMENT,
  `answer` text NOT NULL,
  PRIMARY KEY (`answer_ID`),
  UNIQUE KEY `answer_ID_UNIQUE` (`answer_ID`)
) ENGINE=InnoDB AUTO_INCREMENT=8 DEFAULT CHARSET=utf8;
/*!40101 SET character_set_client = @saved_cs_client */;

--
-- Dumping data for table `second_answers`
--

LOCK TABLES `second_answers` WRITE;
/*!40000 ALTER TABLE `second_answers` DISABLE KEYS */;
INSERT INTO `second_answers` VALUES (1,'Не, Никога'),(2,'Много рядко'),(3,'Рядко'),(4,'Понякога'),(5,'Често'),(6,'Много Често'),(7,'Винаги');
/*!40000 ALTER TABLE `second_answers` ENABLE KEYS */;
UNLOCK TABLES;

--
-- Table structure for table `second_questions`
--

DROP TABLE IF EXISTS `second_questions`;
/*!40101 SET @saved_cs_client     = @@character_set_client */;
/*!40101 SET character_set_client = utf8 */;
CREATE TABLE `second_questions` (
  `question_ID` int(11) NOT NULL,
  `question` text NOT NULL,
  PRIMARY KEY (`question_ID`),
  UNIQUE KEY `question_ID_UNIQUE` (`question_ID`)
) ENGINE=MyISAM DEFAULT CHARSET=utf8;
/*!40101 SET character_set_client = @saved_cs_client */;

--
-- Dumping data for table `second_questions`
--

LOCK TABLES `second_questions` WRITE;
/*!40000 ALTER TABLE `second_questions` DISABLE KEYS */;
INSERT INTO `second_questions` VALUES (281,'﻿Чувствам се емоционално изтощен/а от моята работа.'),(282,'\r\nЧувствам се изчерпан/а в края на деня.'),(283,'\r\nЧувствам се изморен/а, когато трябва да стана сутрин и да посрещна още един работен ден.'),(284,'\r\nМога лесно да разбера за какво мислят колегите, с които работя.'),(285,'\r\nЧувствам, че не възприемам колегите си като отделни личности.'),(286,'\r\nРаботата с хора по цял ден е изтощение за мен.'),(287,'\r\nСправям се много успешно със задачите в работата ми.'),(288,'\r\nЧувствам се изпепелен от моята работа.'),(289,'\r\nУсещам, че правя разлика между отделните колеги в работата ми.'),(290,'\r\nСтанах по-безчувствен/а към хората, откакто работя в тази сфера.'),(291,'\r\nБезпокоят се, че от тази работа загрубявам.'),(292,'\r\nЧувствам се много енергичен/на.'),(293,'\r\nЧувствам се разочарован/а от моята работа.'),(294,'\r\nСтрува ми се, че работя с глямо усилие.'),(295,'\r\nНаистина не се интересувам какво се случва с някои хора, които срещам в работата си.'),(296,'\r\nПряката работа с хора предизвиква у мен твърде много напрежение.'),(297,'\r\nМога лесно да създам спокойна атмосфера при работата с колегита си.'),(298,'\r\nЧуствам се бодър/ра. След като съм работил/а в близък контакт с хора.'),(299,'\r\nВърша много ценни, значими неща в работата си.'),(300,'\r\nЧувствам се в края на силите си.'),(301,'\r\nВ работата си приемам емоционалните проблеми много спокойно.'),(302,'\r\nЧувствам, че колегите ми ме обвиняват за техните проблеми.');
/*!40000 ALTER TABLE `second_questions` ENABLE KEYS */;
UNLOCK TABLES;

--
-- Dumping events for database 'burnout_poll'
--

--
-- Dumping routines for database 'burnout_poll'
--
/*!40103 SET TIME_ZONE=@OLD_TIME_ZONE */;

/*!40101 SET SQL_MODE=@OLD_SQL_MODE */;
/*!40014 SET FOREIGN_KEY_CHECKS=@OLD_FOREIGN_KEY_CHECKS */;
/*!40014 SET UNIQUE_CHECKS=@OLD_UNIQUE_CHECKS */;
/*!40101 SET CHARACTER_SET_CLIENT=@OLD_CHARACTER_SET_CLIENT */;
/*!40101 SET CHARACTER_SET_RESULTS=@OLD_CHARACTER_SET_RESULTS */;
/*!40101 SET COLLATION_CONNECTION=@OLD_COLLATION_CONNECTION */;
/*!40111 SET SQL_NOTES=@OLD_SQL_NOTES */;

-- Dump completed on 2014-03-24 23:53:53
